brand,nama_produk,gender,warna,harga
Nike,Air Max Plus Men's Sneakers Shoes - Black,Pria,Hitam,Rp. 2.389.000
Nike,P-6000 Men's Sneakers Shoes - White,Pria,Putih,Rp. 1.429.000
ASICS,FX GEL-1130 Unisex Sneakers Shoes - Swamp Green/Pure Silver,Unisex,Hijau,Rp. 1.799.000
Nike,Vomero 5 Boys' Grade School Sneakers Shoes - Pale Ivory/Pale Ivory,Anak Laki-Laki,Netral,Rp. 1.499.000
Nike,P-6000 Men's Sneakers Shoes - Lt Orewood Brn/Lt British Tan,Pria,Coklat,Rp. 1.429.000
ADIDAS,Samba OG Men's Sneakers - Core Black,Pria,Hitam,Rp. 2.200.000
NEW BALANCE,740 Boys Sneakers Shoes - Light Grey,Anak Laki-Laki,Abu-abu,Rp. 1.199.000
NEW BALANCE,530 Boys Sneakers Shoes - Beige,Anak Laki-Laki,Netral,Rp. 1.099.000
Nike,P-6000 Boys' Grade School Sneakers Shoes - Summit White/Apricot Agate,Anak Laki-Laki,Putih,Rp. 1.329.000
CONVERSE,Run Star Trainer Unisex Sneakers - Black/Egret/Honey,Unisex,Hitam,Rp. 1.299.000
Nike,Cortez Women's Sneakers Shoes - Sail,Wanita,Netral,Rp. 1.499.000
CROCS,The Simpsons Classic Unisex Clog - Multi,Unisex,Multicolor,Rp. 1.499.000
PUMA,Palermo Premium Unisex Lifestyle Shoes - Beige,Unisex,Netral,Rp. 1.699.000
NEW BALANCE,740 Unisex Sneakers Shoes - White/Blue,Unisex,Putih,Rp. 1.899.000
PUMA,Speedcat OG Unisex Lifestyle Shoes - Red,Unisex,Merah,Rp. 1.899.000
ON,Cloud 6 Women's Sneakers Shoes - White,Wanita,Putih,Rp. 2.500.000
ASICS,GEL-NYC Unisex Sneakers Shoes - Black/Black,Unisex,Hitam,Rp. 2.199.000
Nike,FX Air Max Plus Men's Sneakers Shoes - Black/Diffused Blue,Pria,Hitam,Rp. 2.489.000
ASICS,Gel-Kayano 14 Unisex Sneakers Shoes - Birch,Unisex,Abu-abu,Rp. 2.299.000
CROCS,Peanuts Classic Unisex Clog - Multi,Unisex,Multicolor,Rp. 1.499.000
ASICS,Gel-Kayano 14 Women's Sneakers Shoes - Cloud Grey,Wanita,Abu-abu,Rp. 2.299.000
ASICS,FX GEL-1130 Unisex Sneakers Shoes - CeMen'st Grey/Clay Grey,Unisex,Abu-abu,Rp. 1.699.000
Nike,Shox R4 Men's Sneakers Shoes - Metallic Silver/Metallic Silver,Pria,Abu-abu,Rp. 2.379.000
Nike,AIR MAX PLUS Boys's Grade School Running Shoes - BLACK/BLACK-BLACK,Anak - Anak,Hitam,Rp. 1.799.000
ADIDAS,FX Handball Spezial Women's Sneakers Shoes - Light Orchid,Wanita,Ungu,Rp. 1.700.000
PUMA,Speedcat OG Unisex Lifestyle Shoes - Blue,Unisex,Biru,Rp. 1.899.000
ASICS,GEL-NYC Unisex Sneakers Shoes - Cream/Cream,Unisex,Netral,Rp. 2.199.000
PUMA,Speedcat OG Unisex Lifestyle Shoes - Black,Unisex,Hitam,Rp. 1.899.000
Nike,Air Jordan 11 Retro Low Men's Basketball Shoes - Black/Varsity Red,Pria,Hitam,Rp. 3.049.000
CROCS,Haribo Classic Unisex Clog - Multi,Unisex,Multicolor,Rp. 1.499.000
ASICS,FX GEL-NYC Unisex Sneakers Shoes - Black/Greige,Unisex,Hitam,Rp. 2.099.000
Nike,P-6000 Women's Sneakers Shoes - Photon Dust,Wanita,Abu-abu,Rp. 1.429.000
NEW BALANCE,1000 Men's Sneakers Shoes - Silver/Grey,Pria,Abu-abu,Rp. 2.799.000
ADIDAS,Samba LT Women's Sneakers - Ftwr White,Wanita,Putih,Rp. 2.200.000
ADIDAS,Samba OG Kids Play School Sneakers Shoes - Preloved Brown,Anak - Anak,Coklat,Rp. 850.000
Nike,Vomero 5 Boys' Grade School Sneakers Shoes - Pure Platinum/Metallic Silver,Anak Laki-Laki,Abu-abu,Rp. 1.499.000
CROCS,Monsters Inc Mike Classic Clog Unisex - Multi,Unisex,Multicolor,Rp. 1.499.000
CONVERSE,Run Star Trainer Suede Women's Sneakers - Pale Surplus/Blueberry Ice,Wanita,Hijau,Rp. 1.299.000
NEW BALANCE,9060 Men's Sneakers Shoes - Black,Pria,Hitam,Rp. 2.599.000
NEW BALANCE,1000 Men's Sneakers Shoes - Navy/White,Pria,Biru,Rp. 2.799.000
ADIDAS,FX Handball Spezial Men's Sneakers Shoes - Alumina,Pria,Putih,Rp. 1.700.000
Nike,P-6000 Women's Sneakers Shoes - Fauna Brown/Soft Pearl,Wanita,Coklat,Rp. 1.729.000
ADIDAS,Taekwondo Women's Sneakers Shoes - Black,Wanita,Hitam,Rp. 1.600.000
Nike,V2K Run Women's Sneakers Shoes - Sail,Wanita,Netral,Rp. 1.909.000
Nike,P-6000 SE Men's Sneakers Shoes - Lt Orewood Brn,Pria,Netral,Rp. 1.729.000
ADIDAS,FX Samba XLG Men's Sneakers Shoes - Night Indigo,Pria,Ungu,Rp. 1.800.000
Nike,Air Jordan 1 Retro High Og Men's Basketball Shoes - White/Black,Pria,Putih,Rp. 2.849.000
Nike,Shox R4 Men's Sneakers Shoes - Black/Vast Grey-Bright Mandarin,Pria,Hitam,Rp. 2.379.000
Nike,V2K Run Women's Sneakers Shoes - Particle Beige,Wanita,Netral,Rp. 1.909.000
Nike,Zoom Vomero 5 Men's Sneakers Shoes - Black,Pria,Hitam,Rp. 2.489.000
NEW BALANCE,9060 Men's Sneakers Shoes - Black/Dark Blue,Unisex,Hitam,Rp. 2.599.000
Nike,Zoom Vomero 5 Men's Sneakers Shoes - Cool Grey/White,Pria,Abu-abu,Rp. 2.489.000
Nike,Zoom Vomero 5 Women's Sneakers Shoes - Photon Dust/Metallic Silver,Wanita,Abu-abu,Rp. 2.489.000
Nike,Air Jordan 1 Low Men's Basketball Shoes - White/Indigo Haze,Pria,Putih,Rp. 1.729.000
ON,Cloud 6 Women's Sneakers Shoes - Black,Wanita,Hitam,Rp. 2.500.000
Nike,Air Jordan 1 Mid SE Men's Basketball Shoes - White,Pria,Putih,Rp. 2.129.000
Nike,C1TY Men's Basketball Shoes - Smoke Grey,Pria,Abu-abu,Rp. 1.549.000
NEW BALANCE,1000 Men's Sneakers Shoes - White,Pria,Putih,Rp. 2.799.000
CONVERSE,Run Star Trainer Suede Women's Sneakers - Coastal Dune/Sugar Berry/Egret,Wanita,Coklat,Rp. 1.299.000
Salomon,XT - 6 Men Lifestyle Shoes - Black,Pria,Hitam,Rp. 3.399.000
Nike,Air Jordan 4 Retro Women's Basketball Shoes - White/Aluminum,Wanita,Putih,Rp. 3.329.000
NEW BALANCE,1000 Men's Sneakers Shoes - Grey/Black,Pria,Abu-abu,Rp. 2.799.000
PUMA,Palermo HARRY POTTER Unisex Lifestyle Shoes - Red,Unisex,Merah,Rp. 1.699.000
Nike,Book 1 Mp Ep Men's Basketball Shoes - Barely Grey/Barely Grey,Pria,Abu-abu,Rp. 2.199.000
Nike,Book 1 Blue Ep Men's Basketball Shoes - Multi Color,Pria,Multicolor,Rp. 2.199.000
ON,Cloudmster Women's Sneakers Shoes - Blde/Fade,Wanita,Kuning,Rp. 3.000.000
Nike,Shox TL Men's Sneakers Shoes - White/White-Metallic Silver,Pria,Putih,Rp. 2.669.000
CROCS,Peanuts Classic Kids Clog - Multi,Anak - Anak,Multicolor,Rp. 1.199.000
ADIDAS,Anthony Edwards 1 Low Trainers Men's Basketball Shoes - Arctic Night,Pria,Hitam,Rp. 1.700.000
CONVERSE,Omega Trainer Unisex Sneakers - Barely Grey/Vintage White,Unisex,Abu-abu,Rp. 699.300
ASICS,FX GEL-1130 Unisex Sneakers Shoes - Pale Oak/Clay Grey,Unisex,Netral,Rp. 1.699.000
NEW BALANCE,1000 Men's Sneakers Shoes - Navy,Pria,Biru,Rp. 2.799.000
ADIDAS,FX Samba XLG Men's Sneakers Shoes - Bold Gold,Pria,Kuning,Rp. 1.800.000
ADIDAS,Adilette 22 Men's Sandals - Core Black,Pria,Hitam,Rp. 840.000
ASICS,GT-2160 Unisex Sneakers Shoes - White/Deep Marine,Unisex,Putih,Rp. 1.999.000
ADIDAS,FX Adizero Aruku Unisex Sneakers Shoes - Core Black,Unisex,Hitam,Rp. 2.100.000
Nike,Air Jordan 3 Retro Og Men's Basketball Shoes - Black/Chile Red,Pria,Hitam,Rp. 3.269.000
Nike,Jordan Tatum 3 Pf Men's Basketball Shoes - White/Metallic Gold,Pria,Putih,Rp. 1.939.000
Nike,Vomero 5 Boys' Toddler Sneakers Shoes - White/Metallic Silver,Anak Laki-Laki,Putih,Rp. 1.299.000
Nike,C1TY Prm Men's Basketball Shoes - Wheat/Nightshade,Pria,Netral,Rp. 1.729.000
Nike,P-6000 SE Men's Sneakers Shoes - Hemp/Black,Pria,Netral,Rp. 1.729.000
Nike,P-6000 Women's Sneakers Shoes - White/Metallic Silver,Wanita,Putih,Rp. 1.729.000
Nike,Zoom Vomero 5 Women's Sneakers Shoes - White/White-Panthom,Wanita,Putih,Rp. 2.489.000
ASICS,GEL-KINETIC Fluent Unisex Sneakers Shoes - White/White,Unisex,Putih,Rp. 2.799.000
Nike,Jordan Tatum 3 Pf Men's Basketball Shoes - Pacific Blue,Pria,Biru,Rp. 1.939.000
Nike,Jordan Luka 3 Boys' Grade School Basketball Shoes - Purple Comet,Anak - Anak,Ungu,Rp. 1.349.000
CONVERSE,Run Star Trainer Women's Sneakers - Vernal Pool/Egret/Light Brown,Wanita,Biru,Rp. 1.299.000
PUMA,MB.03 Lo TMNT Krang Unisex Basketball Shoes - Violet,Pria,Ungu,Rp. 1.999.000
CROCS,Echo Wave Unisex - Black Sand,Unisex,Hitam,Rp. 1.599.000
HOKA,Clifton 10 Men's Running Shoes - Black / Black,Pria,Hitam,Rp. 2.799.000
PUMA,Speedcat OG Men's Lifestyle Shoes - Pink,Pria,Pink,Rp. 1.899.000
ADIDAS,FX Campus 00s Men's Sneakers Shoes - Warm Vanilla,Pria,Netral,Rp. 1.700.000
ADIDAS,FX Campus 00s Men's Sneakers Shoes - Night Indigo,Pria,Ungu,Rp. 1.700.000
ADIDAS,FX Samba OG Men's Sneakers Shoes - Core White,Pria,Putih,Rp. 2.000.000
ADIDAS,A.E 1 Men's Basketball Shoes - Core Black,Pria,Hitam,Rp. 1.700.000
Nike,Jordan 3 Retro Og Boys' Play School Basketball Shoes - Black/Chile Red,Anak Laki-Laki,Hitam,Rp. 1.229.000
Nike,Field General Men's Sneakers Shoes - Light Army/Natural,Pria,Hijau,Rp. 1.729.000
Nike,P-6000 Boys' Grade School Sneakers Shoes - Doll/White,Anak Laki-Laki,Pink,Rp. 1.329.000
Nike,P-6000 Boys' Grade School Sneakers Shoes - Mtlc Platinum/University Blue,Anak Laki-Laki,Abu-abu,Rp. 1.329.000
Nike,Air Max Dn8 Women's Sneakers Shoes - Mtlc Red Bronze/Black,Wanita,Multicolor,Rp. 3.049.000
Nike,P-6000 SE Men's Sneakers Shoes - Mars Stone/Cinnamon,Pria,Merah,Rp. 1.729.000
Nike,FX Air Max Plus Men's Sneakers Shoes - Phantom/Safety Orange,Pria,Netral,Rp. 2.489.000
Nike,P-6000 Men's Sneakers Shoes - Mtlc Platinum/University Blue,Pria,Abu-abu,Rp. 1.429.000
Nike,Shox TL Men's Sneakers Shoes - Lt Smoke Grey/Bright Mandarin,Pria,Abu-abu,Rp. 2.669.000
Nike,C1TY Men's Basketball Shoes - College Grey,Pria,Abu-abu,Rp. 1.549.000
NEW BALANCE,370 Men's Sneakers Shoes - Navy,Pria,Biru,Rp. 1.799.000
PUMA,Speedcat OG Unisex Lifestyle Shoes - Brown,Unisex,Coklat,Rp. 1.899.000
ADIDAS,FX Handball Spezial Women's Sneakers Shoes - Pulse Lime,Wanita,Kuning,Rp. 1.700.000
ADIDAS,Tokyo Women's Sneakers Shoes - Bluebird,Wanita,Biru,Rp. 1.600.000
Nike,Air Pegasus Wave Men's Sneakers Shoes - Black,Pria,Hitam,Rp. 2.489.000
Nike,V2K Run Men's Sneakers Shoes - Cave Stone,Pria,Abu-abu,Rp. 1.909.000
ADIDAS,Tokyo Women's Sneakers Shoes - Core Black,Wanita,Hitam,Rp. 1.500.000
NEW BALANCE,1000 Men's Sneakers Shoes - Silver/Purple,Pria,Ungu,Rp. 2.799.000
HOKA,Bondi 9 Women's Running - Vanilla / Birch,Wanita,Netral,Rp. 2.999.000
HOKA,Bondi 9 Men's Running - Galactic Grey / Stellar Grey,Pria,Abu-abu,Rp. 2.999.000
CONVERSE,Omni Trainer Unisex Sneakers - Black/Dark Matter,Unisex,Hitam,Rp. 1.299.000
Salomon,XT - 6 Men Lifestyle Shoes - Ghost Gray,Pria,Abu-abu,Rp. 3.399.000
ADIDAS,FX Sambae Women's Sneakers Shoes - Ftwr White,Wanita,Putih,Rp. 2.000.000
Salomon,XT - 6 Unisex Lifestyle Shoes - White,Unisex,Putih,Rp. 3.399.000
CONVERSE,Omni Trainer Unisex Sneakers - Egret/Vintage White/Black,Unisex,Netral,Rp. 1.299.000
ADIDAS,Taekwondo Lace Women's Sneakers - Ftwr White,Wanita,Putih,Rp. 1.600.000
ON,ON Cloudmonster Women's Running Shoes - All White,Wanita,Putih,Rp. 3.000.000
Nike,Air Jordan 1 Low Women's Basketball Shoes - White,Wanita,Putih,Rp. 1.729.000
Nike,Ava Rover Men'S Sneakers Shoes - Celestial Gold/Bright Crimson,Pria,Kuning,Rp. 2.099.000
ADIDAS,Samba OG Men's Sneakers Shoes - Wonder White,Pria,Putih,Rp. 2.000.000
Nike,G.T. Hustle 3 EP Men's Basketball Shoes - WOLF GREY/BLEACHED TURQ,Pria,Abu-abu,Rp. 3.049.000
PUMA,Easy Rider x Squid Game Unisex Sneakers Shoes - Alpine Snow/Dark Myrtle,Unisex,Putih,Rp. 1.699.000
Nike,Total 90 Men's Sneakers Shoes - University Blue/White-Vast Grey,Pria,Biru,Rp. 1.729.000
ADIDAS,DAME X Unisex Basketball Shoes - Lime Burst/ Signal Coral,Unisex,Hijau,Rp. 1.500.000
ASICS,Skyhannd OG Unisex Sneakers Shoes -Dolphin Grey/Pepper,Unisex,Abu-abu,Rp. 1.699.000
ASICS,GEL-KAYANO 14 Men's Sneakers Shoes - White/Graphite Grey,Pria,Putih,Rp. 2.399.000
ASICS,GEL-KAYANO 14 Men's Sneakers Shoes - Cream/Ironclad,Pria,Krem,Rp. 2.399.000
VANS,Super Lowpro Unisex Sneakers Shoes - Cornstalk,Unisex,Coklat,Rp. 1.039.200
NEW BALANCE,740 Boys Kids Sneakers - White/Green,Anak Laki-Laki,Putih,Rp. 1.199.000
NEW BALANCE,740 Bungee Lace Boys Infant Sneakers - White/Green,Anak Laki-Laki,Putih,Rp. 1.199.000
NEW BALANCE,740 Boys Kids Sneakers - White/Green,Anak Laki-Laki,Putih,Rp. 1.199.000
Nike,Air Jordan 3 Retro T Women'S Basketball Shoes - Fossil/Starfish-Sail,Wanita,Abu-abu,Rp. 3.169.000
Nike,Fx Air Force 1 '07 Men's Basketball Shoes - White/Photon Dust-Sail-Lt Armory Blue,Pria,Putih,Rp. 2.099.000
Nike,Fx Zoom Vomero 5 Se Men's Sneakers Shoes - Mtlc Pewter/Mtlc Pewter-Flat Pewter,Pria,Abu-abu,Rp. 2.489.000
Nike,Total 90 Men's Sneakers Shoes - White/Black-Gym Red,Pria,Putih,Rp. 1.729.000
Nike,Air Jordan 40 Pf Men's Basketball Shoes - White/Vast Grey-Black,Pria,Putih,Rp. 3.169.000
Nike,Air Jordan 1 Retro High Og Boys' Grade School Basketball Shoes - Black/Black-Sail-Starfish,Anak Laki-Laki,Hitam,Rp. 1.859.000
Nike,Jordan 1 Retro High Og Boys' Toddler Basketball Shoes - Black/Black-Sail-Starfish,Anak Laki-Laki,Hitam,Rp. 999.000
Nike,Jordan 1 Retro High Og Boys' Play School Basketball Shoes - Black/Black-Sail-Starfish,Anak Laki-Laki,Hitam,Rp. 1.169.000
Nike,Air Jordan 1 Retro High Og Men's Basketball Shoes - Black/Black-Sail-Starfish,Pria,Hitam,Rp. 2.849.000
Nike,G.T. Cut 3 Ep Men's Basketball Shoes - White/Bleached Turq-Green Strike-Black,Pria,Putih,Rp. 3.049.000
Nike,Jordan 3 Retro Boys' Toddler Basketball Shoes - White/Metallic Silver-White,Anak Laki-Laki,Putih,Rp. 999.000
Nike,Fx Air Max Plus Men's Sneakers Shoes - White/White-Deep Night-Wild Grape,Pria,Putih,Rp. 2.489.000
Nike,Jordan 3 Retro Boys' Play School Basketball Shoes - White/Metallic Silver-White,Anak Laki-Laki,Putih,Rp. 1.229.000
Nike,Kobe Air Force 1 Low Men's Basketball Shoes - White/White,Pria,Putih,Rp. 1.909.000
Nike,FX Air Max Plus Men's Sneakers Shoes - Black/University Red,Pria,Hitam,Rp. 3.049.000
Nike,Dunk Low Retro Men's Sneakers Shoes - White/Lt Smoke Grey-White,Pria,Putih,Rp. 1.549.000
Nike,Dunk Low Retro Men's Sneakers Shoes - White/Black-White,Pria,Putih,Rp. 1.549.000
Nike,Air Max Dn Men's Sneakers Shoes - Deep Royal Blue/Action Red-Blue Void,Pria,Biru,Rp. 2.379.000
Nike,Kobe Ix Elite Low Em Protro Men's Basketball Shoes - Game Royal/White-White,Pria,Biru,Rp. 2.849.000
Nike,Jordan 3 Retro Girls' Play School Basketball Shoes - White/Pink Glow-Cobalt Bliss,Anak Perempuan,Putih,Rp. 1.229.000
Nike,Air Max Dn8 Boys' Grade School Sneakers Shoes - Black/Anthracite-Black-Black,Anak Laki-Laki,Hitam,Rp. 2.549.000
Nike,Kobe Ix Low Em Kids' Grade School Sneakers Shoes - Game Royal/White,Anak - Anak,Biru,Rp. 1.659.000
Nike,Kobe Ix Low Em Kids' Grade School Sneakers Shoes - White/Court Purple,Anak - Anak,Putih,Rp. 1.659.000
Nike,G.T. Cut 3 Ep Men's Basketball Shoes - Bright Mango/Mint Foam-Bleached Coral,Pria,Jingga,Rp. 3.049.000
Nike,Air Jordan 3 Retro Girls' Grade School Basketball Shoes - White/Pink Glow-Cobalt Bliss,Anak Perempuan,Putih,Rp. 2.229.000
Nike,Air Jordan 3 Retro Boys' Grade School Basketball Shoes - White/Metallic Silver-White,Anak Laki-Laki,Putih,Rp. 2.229.000
Nike,Air Jordan 3 Retro Men's Basketball Shoes - White/Metallic Silver-White,Pria,Putih,Rp. 3.269.000
Nike,Kobe Ix Elite Low Em Protro Men's Basketball Shoes - White/Court Purple-White,Pria,Putih,Rp. 2.849.000
ASICS,GT-2160 Unisex Sneakers Shoes - White/Soft Yellow,Unisex,Putih,Rp. 1.999.000
CONVERSE,Omega Trainer Men's Sneakers - Egret/Grounded/Sunny Angle,Unisex,Kuning,Rp. 1.099.000
CONVERSE,All Star Classic Trainer Suede Unisex Sneakers - Yellow/Black/Gum,Pria,Kuning,Rp. 1.299.000
PUMA,Palermo Squid Game Men's Sneakers Shoes - Navy/Bright Melon,Pria,Biru,Rp. 1.799.000
PUMA,MB.04 Lo Team Unisex Basketball Shoes - Green Glare-Fizzy Light,Unisex,Hijau,Rp. 1.999.000
PUMA,MB.04 Lo Team Unisex Basketball Shoes -  Black-Dark Amethyst,Unisex,Hitam,Rp. 1.999.000
PUMA,LA FRANCE RNR Men's Sneakers Shoes - Light Sand/Orange Glo,Pria,Jingga,Rp. 1.999.000
PUMA,MagMax NITRO Women's Running Shoes - Yellow,Wanita,Kuning,Rp. 2.699.000
PUMA,MagMax NITRO Women's Running Shoes - Mint,Wanita,Hijau,Rp. 2.699.000
PUMA,MagMax NITRO Men's Running Shoes - White,Pria,Putih,Rp. 2.699.000
PUMA,MagMax NITRO Men's Running Shoes - Blue,Pria,Biru,Rp. 2.699.000
ASICS,FX GEL-1130 Women's Sneakers Shoes - White/Pure Silver,Wanita,Putih,Rp. 1.799.000
ASICS,FX GEL-1130 Women's Sneakers Shoes - White/Crystal Pink,Wanita,Putih,Rp. 1.799.000
NEW BALANCE,9060 Unisex Sneakers Shoes - Grey,Unisex,Abu-abu,Rp. 2.599.000
NEW BALANCE,740 Unisex Sneakers Shoes - Burgundy,Unisex,Merah,Rp. 1.799.000
NEW BALANCE,1000 Boys Sneakers Shoes - Grey,Anak Laki-Laki,Abu-abu,Rp. 1.499.000
Nike,Fx Air Max Plus Men'S Sneakers Shoes - Wolf Grey/Racer Blue-Anthracite-Black,Pria,Abu-abu,Rp. 3.049.000
Nike,Air Max DN8 Men's Sneakers Shoes - Black/Green Strike-Dk Smoke Grey-Black,Pria,Hitam,Rp. 3.049.000
Nike,Air Max TL 2.5 Chrome Men's Sneakers Shoes - Flt Silver/Metallic Silver,Pria,Hitam,Rp. 2.849.000
Nike,Streetball EP Men's Basketball Shoes - LT WILD MANGO/FLASH LIME,Pria,Pink,Rp. 1.909.000
Nike,Streetball EP Men's Basketball Shoes - SOFT PEARL/SAIL,Pria,Putih,Rp. 1.909.000
Nike,G.T. Hustle 3 Ep Men's Basketball Shoes - White/Volt-Safety Orange,Pria,Putih,Rp. 3.049.000
NEW BALANCE,574 Unisex Sneakers Shoes - Blue,Unisex,Biru,Rp. 1.799.000
NEW BALANCE,1000 Unisex Sneakers Shoes - Grey,Unisex,Coklat,Rp. 2.599.000
PUMA,Speedcat Leather Men's Sneakers Shoes -  Black/ White,Pria,Hitam,Rp. 1.999.000
PUMA,Mostro Performance Men's Sneakers Shoes -  Black/ White,Pria,Hitam,Rp. 1.899.000
PUMA,Mostro Performance Men's Sneakers Shoes -  White/ Black,Pria,Putih,Rp. 1.899.000
PUMA,Speedcat OG Kids' Grade School Sneakers Shoes - Mountain Blue/Frosted Ivory,Anak - Anak,Biru,Rp. 1.299.000
Nike,Air Jordan 5 Retro Og Men's Basketball Shoes - White/New Emerald,Pria,Putih,Rp. 3.269.000
ASICS,GT-2160 Breeze Unisex Sneakers Shoes - White/Pure Silver,Unisex,Putih,Rp. 2.099.000
ASICS,GT-2160 Breeze Unisex Sneakers Shoes - Black/Pure Silver,Unisex,Hitam,Rp. 2.099.000
PUMA,ROCKY Inhale Reflective Unisex Lifestyle Shoes - Grey,Unisex,Abu-abu,Rp. 1.759.200
PUMA,Mostro OG Prime Unisex Sneakers Shoes - Pel√© Yellow/ Black,Unisex,Kuning,Rp. 1.899.000
PUMA,Mostro OG Prime Unisex Sneakers Shoes - For All Time Red/ White,Unisex,Merah,Rp. 1.899.000
PUMA,Mostro OG Prime Unisex Sneakers Shoes - Mountain Blue/ White,Unisex,Biru,Rp. 1.899.000
ASICS,Gel-Quantum 360 I Unisex Sneakers Shoes - Graphite Grey/Hazard Green,Unisex,Abu-abu,Rp. 3.099.000
CROCS,Pokemon Print Classic Toddler Clog - Multi,Anak - Anak,Multicolor,Rp. 899.000
CROCS,Pokemon Print Classic Kids Clog - Multi,Anak - Anak,Multicolor,Rp. 1.199.000
CROCS,Pokemon Print Classic Clog Multi,Unisex,Multicolor,Rp. 1.499.000
CROCS,Pikachu Pink Classic Kids Clog - Multi,Anak - Anak,Multicolor,Rp. 1.199.000
NEW BALANCE,740 Boys Kids Sneakers Shoes - Dark Blue,Anak Laki-Laki,Biru,Rp. 1.199.000
NEW BALANCE,740 Boys Infant Sneakers Shoes - Dark Blue,Anak Laki-Laki,Biru,Rp. 1.099.000
NEW BALANCE,740 Boys Kids Sneakers Shoes - Dark Blue,Anak Laki-Laki,Biru,Rp. 1.299.000
ADIDAS,FX SL 72 RS Men's Sneakers Shoes - Green,Pria,Hijau,Rp. 1.600.000
ADIDAS,FX SL 72 RS Men's Sneakers Shoes - Dark Blue,Pria,Biru,Rp. 1.600.000
NEW BALANCE,740 Men Sneakers Shoes - Black,Pria,Hitam,Rp. 1.799.000
Nike,Jordan Luka 4 Pf Men's Basketball Shoes - Football Grey/Laser Blue,Pria,Abu-abu,Rp. 1.679.200
NEW BALANCE,740 Unisex Sneakers Shoes - Black/Blue,Unisex,Biru,Rp. 1.799.000
ADIDAS,FX Campus 00s Men's Sneakers Shoes - Clay Brown,Pria,Netral,Rp. 1.700.000
Nike,A'One Ep Women's Basketball Shoes - Black/Hyper Pink,Wanita,Hitam,Rp. 1.729.000
Nike,Air Jordan 4 Retro Men's Basketball Shoes - Summit White/Fire Red,Pria,Putih,Rp. 3.329.000
Nike,Air Jordan 1 Retro Hi Og Women's Basketball Shoes - Varsity Red/Black,Wanita,Merah,Rp. 2.849.000
Nike,Jordan 4 Retro Og Boys' Play School Basketball Shoes - Summit White/Fire Red,Anak Laki-Laki,Putih,Rp. 1.269.000
Nike,Jordan 4 Retro Og Boys' Toddler Basketball Shoes - Summit White/Fire Red,Anak Laki-Laki,Putih,Rp. 999.000
Nike,Air Jordan 4 Retro Og Boys' Grade School Basketball Shoes - Summit White/Fire Red,Anak Laki-Laki,Putih,Rp. 2.229.000
ADIDAS,Jabbar Lo Men's Sneakers Shoes - Core Black,Pria,Hitam,Rp. 1.600.000
ADIDAS,Dame 9 Men's Basketball Shoes - Blue,Unisex,Biru,Rp. 2.100.000
Nike,Jordan 4 Retro Girls' Play School Basketball Shoes - White/Aluminum,Anak Perempuan,Putih,Rp. 1.169.000
Nike,Jordan 4 Retro Girls' Toddler Basketball Shoes - White/Aluminum,Anak Perempuan,Putih,Rp. 999.000
Nike,Jordan Luka 4 Gone Pf Men's Basketball Shoes - Lt Arctic Pink/Black,Pria,Pink,Rp. 2.199.000
Nike,A'One Ep Women's Basketball Shoes - White/Summit White,Wanita,Putih,Rp. 1.729.000
Nike,Jordan Tatum 3 Pf Men's Basketball Shoes - Platinum Tint/White,Pria,Hitam,Rp. 1.939.000
PUMA,Speedcat Ballet Women's Sneakers Shoes - For All Time Red/ White,Wanita,Merah,Rp. 1.299.000
HOKA,Bondi 9 Men's Running - White / White,Pria,Putih,Rp. 2.999.000
HOKA,Project Transport Men's Running - Stardust / Satellite Grey,Pria,Abu-abu,Rp. 2.999.000
Nike,Book 1 Ep Men's Basketball Shoes - Sail/Clay Orange,Pria,Netral,Rp. 2.199.000
Nike,Air Jordan 1 Retro High Og Boys' Grade School Basketball Shoes - Dk Powder Blue/Dk Powder Blue,Anak Laki-Laki,Biru,Rp. 1.859.000
ADIDAS,FX Samba XLG Unisex Sneakers Shoes - Alumina,Pria,Abu-abu,Rp. 1.800.000
ADIDAS,A.E. 1 Low Trainers Men's Basketball Shoes - Metal Grey,Pria,Abu-abu,Rp. 1.700.000
Nike,Giannis Freak 6 Ep Men's Basketball Shoes - Dusty Cactus/Obsidian,Pria,Hijau,Rp. 2.099.000
Nike,Air Jordan 1 Retro High Og Men's Basketball Shoes - Dk Powder Blue/Dk Powder Blue,Pria,Biru,Rp. 2.849.000
Nike,KD18 Ep Men's Basketball Shoes - Pure Platinum/Wolf Grey,Pria,Abu-abu,Rp. 2.379.000
Nike,Jordan Tatum 3 Pf Men's Basketball Shoes - Lt Armory Blue/Sail,Pria,Biru,Rp. 1.939.000
Nike,Ja Morant 2 Scratch Ep Men's Basketball Shoes - Rapid Teal/University Red,Pria,Biru,Rp. 1.909.000
Nike,Ja Morant 2 Per Ep Men's Basketball Shoes - White/University Blue,Pria,Putih,Rp. 2.199.000
NEW BALANCE,725 Men's Sneakers Shoes - Black,Pria,Hitam,Rp. 1.999.000
ADIDAS,Superstar II Kids' Play School Sneakers Shoes - Ftwr White,Anak - Anak,Putih,Rp. 1.200.000
PUMA,MB.04 Be You Unisex Basketball Shoes -  Black/Electric Peppermint/Fluro Green Pes,Unisex,Hitam,Rp. 2.399.000
ADIDAS,Tokyo Women's Sneakers Shoes - Semi Pink Spark,Wanita,Pink,Rp. 1.600.000
NEW BALANCE,9060 Boys Sneakers Shoes - Black,Anak Laki-Laki,Hitam,Rp. 1.499.000
Nike,Jordan Luka 4 Pf Men's Basketball Shoes - Black/Bright Crimson,Pria,Hitam,Rp. 2.099.000
ADIDAS,D.O.N. Issue 6 Men's Basketball Shoes - White,Unisex,Putih,Rp. 2.100.000
Nike,Jordan 3 Retro Og Boys' Toddler Basketball Shoes - Black/Chile Red,Anak Laki-Laki,Hitam,Rp. 999.000
Nike,Air Jordan 3 Retro Og Boys' Grade School Basketball Shoes - Black/Chile Red,Anak Laki-Laki,Hitam,Rp. 2.229.000
CONVERSE,x NARUTO CTAS 1V Boy's Sneakers - Fossilized/Vintage White/Black,Anak Laki-Laki,Abu-abu,Rp. 759.000
CONVERSE,x NARUTO CTAS 1V Boy's Sneakers - Pale Magma/Black/Golden Wren,Anak Laki-Laki,Coklat,Rp. 759.000
Nike,Jordan Luka 4 Pf Men's Basketball Shoes - Barely Green/Black,Pria,Hijau,Rp. 2.099.000
PUMA,Suede XL HELLO KITTY Women's Lifestyle Shoes - Black,Wanita,Hitam,Rp. 1.699.000
CROCS,Classic Unisex Clog -  Dark Algae,Unisex,Hijau,Rp. 999.000
Nike,LeBron XXII BW Ep Men's Basketball Shoes - Blustery/Fireberry,Pria,Biru,Rp. 3.049.000
Nike,Ja Morant 2 Ep Men's Basketball Shoes - Soft Yellow/Obsidian,Pria,Kuning,Rp. 1.909.000
Nike,Air Jordan 1 Retro High Og Boys' Grade School Basketball Shoes - White/Black,Anak Laki-Laki,Putih,Rp. 1.859.000
Nike,Jordan 1 Retro High Og Boys' Toddler Basketball Shoes - White/Black,Anak Laki-Laki,Putih,Rp. 999.000
Nike,Jordan 1 Retro High Og Boys' Play School Basketball Shoes - White/Black,Anak Laki-Laki,Putih,Rp. 1.169.000
Nike,G.T. Cut 3 Ep Men's Basketball Shoes - Siren Red/Black,Pria,Merah,Rp. 3.049.000
ADIDAS,Adizero EVO SL Men's Shoes - Black,Pria,Hitam,Rp. 2.500.000
ADIDAS,Dame 9 Men's Basketball Shoes - Silver,Unisex,Abu-abu,Rp. 2.100.000
ADIDAS,Adizero EVO SL Women's Shoes - White,Wanita,Putih,Rp. 2.500.000
ADIDAS,Adizero EVO SL Men's Shoes - White,Pria,Putih,Rp. 2.500.000
ON,Cloud 6 Men's Running Shoes -  Black White,Pria,Hitam,Rp. 2.500.000
HOKA,Kawana 2 Women's Running Shoes - Alabaster / Cosmic Grey,Wanita,Abu-abu,Rp. 2.599.000
Nike,Vomero 5  Boys' Play School Sneakers Shoes - White/Metallic Silver,Anak Laki-Laki,Putih,Rp. 1.399.000
Nike,P-6000 Prm Men's Sneakers Shoes - Vast Grey/Vast Grey,Pria,Abu-abu,Rp. 1.999.000
Nike,C1TY Men's Basketball Shoes - Sail/Pacific Moss,Pria,Netral,Rp. 1.549.000
Nike,Air Max Dn8 Men's Sneakers Shoes - Team Orange/Black,Pria,Jingga,Rp. 3.049.000
Nike,Zoom Vomero 5 Men's Sneakers Shoes - Mtlc Pewter/Medium Ash,Pria,Multicolor,Rp. 2.489.000
Nike,FX Air Max Plus Women's Sneakers Shoes - Mink Brown/Metallic Silver,Wanita,Coklat,Rp. 2.669.000
Nike,FX Air Max Plus Women's Sneakers Shoes - Black/Hyper Violet,Wanita,Hitam,Rp. 2.669.000
Nike,FX Air Max Plus Boys' Grade School Sneakers Shoes - Photon Dust/Particle Rose,Anak Laki-Laki,Abu-abu,Rp. 1.799.000
LACOSTE MAA,Lacoste Men's L001 SET 125 9 - Beige,Pria,Netral,Rp. 2.099.000
LACOSTE MAA,Lacoste Women's L001 SET 125 7 - Pink,Wanita,Pink,Rp. 2.099.000
NEW BALANCE,740 Unisex Sneakers Shoes - White/Purple,Unisex,Putih,Rp. 1.799.000
NEW BALANCE,370 Unisex Sneakers Shoes - White/Red,Unisex,Putih,Rp. 1.799.000
NEW BALANCE,Fresh Foam BB v3 Men's Basketball Shoes - White,Pria,Putih,Rp. 2.999.000
ADIDAS,Superstar II Unisex Sneakers Shoes - Crystal White,Unisex,Putih,Rp. 2.000.000
ADIDAS,Superstar Led Light Kids' Infant Sneakers Shoes - Ftwr White,Anak - Anak,Putih,Rp. 1.100.000
ADIDAS,Superstar Led Light Kids' Play School Sneakers Shoes - Ftwr White,Anak - Anak,Putih,Rp. 1.200.000
PUMA,MB.04 TMNT R&D Men's Basketball Shoes - Fluro Green Pes,Unisex,Hijau,Rp. 1.999.000
CROCS,Haribo Classic Kids Clog - Multi,Anak - Anak,Multicolor,Rp. 1.199.000
Nike,Air Max DN8 Men's Sneakers Shoes - Phantom,Pria,Abu-abu,Rp. 3.049.000
HOKA,Bondi 9 Women's Running Shoes - Druzy / Droplet,Wanita,Biru,Rp. 2.999.000
ADIDAS,Campus 00s BETA Unisex Sneakers Shoes - Earth Strata,Unisex,Coklat,Rp. 1.700.000
ADIDAS,Anthony Edwards 1 Low Trainers Unisex Basketball Shoes - Ftwr White,Pria,Putih,Rp. 1.700.000
Nike,Jordan Tatum 3 Pf Men's Basketball Shoes - Sail,Pria,Netral,Rp. 1.939.000
CROCS,Dragon Ball Z Classic Clog Kids - Multi,Anak - Anak,Multicolor,Rp. 1.199.000
ON,Cloud 6 Men's Sneakers Shoes - Black,Pria,Hitam,Rp. 2.500.000
PUMA,Speedcat Ballet SD Women's Lifestyle Shoes - Pink,Wanita,Pink,Rp. 1.299.000
ADIDAS,Anthony Edwards 1 Low Unisex Basketball Shoes - Ftwr White,Unisex,Putih,Rp. 1.700.000
Nike,Jordan Zion 4 Boys' Grade School Basketball Shoes - White,Anak Laki-Laki,Putih,Rp. 1.499.000
CROCS,Monsters Inc Mike Classic Clog Kids - Multi,Anak - Anak,Multicolor,Rp. 1.199.000
CROCS,Monsters Sully Cozy Sandal Unisex - Multi,Unisex,Multicolor,Rp. 1.999.000
Nike,Air Max DN8 Men's Sneakers Shoes - Black,Pria,Hitam,Rp. 3.049.000
ADIDAS,Superstar II Unisex Sneakers Shoes - Ftwr White,Unisex,Putih,Rp. 1.700.000
ADIDAS,Harden Volume 9 Unisex Basketball Shoes - Cloud White,Unisex,Hijau,Rp. 2.600.000
ADIDAS,Campus 00s BETA Unisex Sneakers Shoes - Grey,Unisex,Abu-abu,Rp. 1.700.000
Nike,Ja 2 Heart Eyes Ep Men's Basketball Shoes - Magic Ember,Pria,Pink,Rp. 2.099.000
PUMA,Palermo Jer-She Women's Lifestyle Shoes - White,Wanita,Putih,Rp. 1.599.000
PUMA,Speedcat OG Unisex Lifestyle Shoes - Blue,Unisex,Biru,Rp. 1.899.000
HOKA,Clifton 10 Women's Running Shoes - Vanilla / Birch,Wanita,Netral,Rp. 2.799.000
HOKA,Clifton 10 Men's Running Shoes - Oatmeal / Oat Milk,Pria,Netral,Rp. 2.799.000
HOKA,Clifton 10 Men's Running Shoes - Stellar Grey / Stardust,Pria,Abu-abu,Rp. 2.799.000
PUMA,MB.01 TMNT Baxter Stockman Unisex Basketball Shoes - Black,Pria,Hitam,Rp. 2.299.000
Nike,Air Pegasus Wave Men's Sneakers Shoes - Sail,Pria,Netral,Rp. 2.489.000
Nike,Air Jordan 3 Retro Men's Basketball Shoes - Summit White,Pria,Putih,Rp. 3.269.000
Nike,C1TY Men's Basketball Shoes - Desert Khaki,Pria,Kuning,Rp. 1.549.000
ASICS,GEL-DS Trainer 14 Unisex Sneakers Shoes - Lake Grey/Mineral Beige,Unisex,Abu-abu,Rp. 1.699.000
ASICS,GEL-DS Trainer 14 Unisex Sneakers Shoes - White/Pure Silver,Unisex,Putih,Rp. 1.699.000
ADIDAS,FX Taekwondo Women's Sneakers Shoes - Cream White,Wanita,Netral,Rp. 1.600.000
ADIDAS,D.O.N. Issue 6 Unisex Basketball Shoes - Lucid Lemon,Pria,Kuning,Rp. 2.100.000
ADIDAS,Adizero Aruku Women's Sneakers Shoes - Ftwr White,Wanita,Putih,Rp. 2.100.000
ADIDAS,Tokyo Women's Sneakers Shoes - Off White,Wanita,Netral,Rp. 1.500.000
ADIDAS,Adizero Aruku Men's Sneakers Shoes - Core Black,Pria,Hitam,Rp. 1.050.000
CONVERSE,Omega Trainer Unisex's Sneakers - Black/Dark Matter,Unisex,Hitam,Rp. 999.000
ADIDAS,D.O.N. Issue 6 Unisex Shoes - Red,Unisex,Merah,Rp. 2.100.000
Nike,Dunk Low Boys' Grade School Sneakers Shoes - College Grey,Anak Laki-Laki,Abu-abu,Rp. 1.249.000
Nike,Dunk Low Retro SE Men's Basketball Shoes - Pale Ivory,Pria,Netral,Rp. 1.909.000
Nike,Zoom Vomero 5 Men's Sneakers Shoes - Cave Stone,Pria,Abu-abu,Rp. 2.489.000
Nike,Air Max Plus Prm Men's Sneakers Shoes - Phantom,Pria,Abu-abu,Rp. 2.849.000
Nike,Field General Men's Sneakers Shoes - Pale Ivory,Pria,Netral,Rp. 1.549.000
Nike,Field General Men's Sneakers Shoes - Black,Pria,Hitam,Rp. 1.549.000
Nike,Air Force 1 '07 Women's Basketball Shoes - White,Wanita,Putih,Rp. 1.909.000
Nike,Dunk Low Women's Basketball Shoes - Coconut Milk,Wanita,Netral,Rp. 2.099.000
Nike,Air Jordan 1 Mid Boys' Grade School Basketball Shoes - Black,Anak Laki-Laki,Hitam,Rp. 1.449.000
Nike,Zoom Vomero 5 Women's Sneakers Shoes - Beach,Wanita,Netral,Rp. 2.489.000
CONVERSE,Omni Trainer Unisex Sneakers - Egret/Vintage White/Light Dune,Unisex,Netral,Rp. 1.299.000
ADIDAS,Superstar II Women's Sneakers Shoes - Ftwr White,Wanita,Putih,Rp. 2.000.000
NEW BALANCE,740 Bungee Lace Boys Sneakers - White/Navy,Anak Laki-Laki,Biru,Rp. 1.099.000
HOKA,Bondi 9 Men's Running - Sea moss / Eucalyptus,Pria,Hijau,Rp. 2.999.000
HOKA,Bondi 9 Men's Running - Oatmeal / Oat Milk,Pria,Netral,Rp. 2.999.000
CONVERSE,Run Star Trainer Women's Sneakers - Egret/Egret/Egret,Wanita,Netral,Rp. 1.299.000
CONVERSE,Run Star Trainer Women's Sneakers - Light Dune/You Dew You/Egret,Wanita,Biru,Rp. 1.299.000
NEW BALANCE,740 Unisex Sneakers Shoes - Beige,Unisex,Netral,Rp. 1.799.000
HOKA,Clifton 10 Women's Running Shoes - Droplet / Druzy,Wanita,Biru,Rp. 2.799.000
Salomon,XT - 6 Women Lifestyle Shoes - Vanilla Ice,Wanita,Putih,Rp. 3.399.000
ADIDAS,Bubblecomfy Kids' Infant Sneakers Shoes - Halo Mint,Anak - Anak,Hijau,Rp. 650.000
ADIDAS,FX Taekwondo Lace Women's Sneakers Shoes - Cream White,Wanita,Putih,Rp. 1.600.000
ADIDAS,Grand Court Minnie Kids' Infant Sneakers Shoes - Ftwr White,Anak - Anak,Putih,Rp. 650.000
NEW BALANCE,740 Bungee Lace Boys Sneakers - White/Navy,Anak Laki-Laki,Biru,Rp. 1.199.000
Nike,C1Ty Men's Basketball Shoes - Black,Pria,Hitam,Rp. 1.549.000
NEW BALANCE,740 Unisex Sneakers Shoes - Grey,Unisex,Abu-abu,Rp. 1.899.000
Nike,Air Jordan 1 Retro High Og Boys' Grade School Basketball Shoes - White,Anak Laki-Laki,Putih,Rp. 1.859.000
Nike,Air Jordan 13 Retro Men's Basketball Shoes - White,Pria,Putih,Rp. 3.269.000
VANS,Hylane Unisex Sneakers Shoes - Black,Unisex,Hitam,Rp. 1.499.000
ON,Running Cloudaway 2 Men's Sneakers Shoes - Black Eclipse,Pria,Hitam,Rp. 2.500.000
UNDER ARMOUR SPORT,Under Armour Phantom 1 Unisex Running Shoes - White,Unisex,Putih,Rp. 2.799.000
Nike,Zoom Vomero 5 Men's Sneakers Shoes - Wolf Grey/White,Pria,Abu-abu,Rp. 2.489.000
ON,On Cloudmster Men's Running Shoes - All White,Pria,Putih,Rp. 3.000.000
ON,Cloudmonster Men's Running Shoes- Black,Pria,Hitam,Rp. 3.000.000
Nike,Kobe M90 Su25 Men's T-Shirt - Black,Pria,Hitam,Rp. 549.000
Nike,Kobe M90 Su25 Men's T-Shirt - Deep Night,Pria,Biru,Rp. 549.000
ADIDAS,SST Men's T-Shirt - Cloud White,Pria,Putih,Rp. 650.000
Nike,Kobe M90 Su25 Men's T-Shirt - Challenge Red,Pria,Merah,Rp. 549.000
Nike,FX Sportswear Jersey Men's T-Shirt - Black,Pria,Hitam,Rp. 569.000
ADIDAS,Lounge Slide Men's Graphic T-Shirt - Black,Pria,Hitam,Rp. 350.000
Nike,FX Sportswear Jersey Men's T-Shirt - Varsity Maize,Pria,Kuning,Rp. 569.000
Nike,FX  Sportswear Men's T-Shirt - Black/Game Royal,Pria,Hitam,Rp. 499.000
Nike,Kobe Dri-fit Fund Kids' Grade School Short - Black,Anak - Anak,Hitam,Rp. 349.000
Nike,FX Sportswear Men's T-Shirt - White/Black,Pria,Putih,Rp. 499.000
ADIDAS,FX Adicolor Men's T-Shirt - Collegiate Green,Pria,Hijau,Rp. 600.000
ADIDAS,3 Stripes Women's T-Shirt - Blue,Wanita,Biru,Rp. 580.000
ADIDAS,Adicolor Poly Men's T-Shirt - White,Pria,Putih,Rp. 800.000
ADIDAS,Lounge Slides Graphic Men's T-Shirt - White,Pria,Putih,Rp. 550.000
Nike,Kobe Bettermental Men's T-Shirt - White,Pria,Putih,Rp. 429.000
ADIDAS,Lounge Slide Men's T-Shirt - White,Pria,Putih,Rp. 350.000
ADIDAS,Washed Cargo Jorts Women's Short - Black,Wanita,Hitam,Rp. 1.300.000
Nike,Sportswear Fleece Women's Short - Black/Anthracite,Wanita,Hitam,Rp. 829.000
Nike,Jordan Sport Jam Warm Up Men's Jacket - Black/Metallic Silver,Pria,Hitam,Rp. 1.429.000
Nike,Sportswear V Neck Women's T-Shirt - Sail/Playful Pink/College Grey/Black,Wanita,Beige,Rp. 599.000
Nike,Fx Sportswear Tn Woven Men's Short - Black/Dk Smoke Grey/University Red,Pria,Hitam,Rp. 619.000
Nike,Sportswear Street Women's Polo - Black/Black/White/White,Wanita,Hitam,Rp. 679.000
Nike,Fx Sportswear Tn Fb Men's T-Shirt - Black/University Red,Pria,Hitam,Rp. 569.000
Nike,"Sportswear Street 3"" Track Women's Short - Midnight Navy/Black/Particle Pink/Sail",Wanita,Biru,Rp. 789.000
Nike,Kobe Dr-Fit M90 24 Men's T-Shirt - Black,Pria,Hitam,Rp. 569.000
Nike,Kobe Dr-Fit M90 Men's T-Shirt - Black,Pria,Hitam,Rp. 569.000
Nike,Fx Sportswear Tn Men's T-Shirt - White/Blue Chill,Pria,Putih,Rp. 549.000
Nike,Fx Sportswear Tn Men's T-Shirt - Black/University Red,Pria,Hitam,Rp. 549.000
Nike,Fx Sportswear Tn Woven Men's Pants - Black/Dk Smoke Grey/University Red,Pria,Hitam,Rp. 949.000
Nike,Fx Sportswear Woven Men's Track Top - Black/Dk Smoke Grey/University Red,Pria,Hitam,Rp. 1.079.000
Nike,Jacquard Stripe Track Women's Jacket - Midnight Navy/Obsidian,Wanita,Biru,Rp. 599.000
Nike,Jacquard Stripe Button Down Women's Long Sleeve Shirt - Midnight Navy/Obsidian,Wanita,Biru,Rp. 849.000
Nike,Kobe Dr-Fit M90 24 Men's T-Shirt - White,Pria,Putih,Rp. 569.000
Nike,Kobe Dr-Fit M90 Men's T-Shirt - White,Pria,Putih,Rp. 499.000
Nike,Sportswear V Neck Women's T-Shirt - Picante Red/Sail/Midnight Navy/Sail,Wanita,Merah,Rp. 599.000
Nike,Fx Sportswear Tn Men's T-Shirt - Celestine Blue/Blue Chill,Pria,Biru,Rp. 549.000
Nike,Dri-Fit T90 Energy Jsy 6 Men's Jersey - Tour Yellow/Black/Sport Red/Black,Pria,Kuning,Rp. 809.000
Nike,Dri-Fit T90 Energy Jsy 6 Men's Jersey - White/Opti Yellow/Lt Crimson/Black,Pria,Putih,Rp. 809.000
Nike,Dri-Fit T90 Energy Jsy 2 Men's Jersey - White/Italy Blue/Sport Red/Metallic Gold,Pria,Putih,Rp. 809.000
Nike,Dri-Fit T90 Energy Jsy 1 Men's Jersey - Gym Red/Midnight Navy/University Gold,Pria,Merah,Rp. 809.000
Nike,Dri-Fit T90 Energy Jsy 1 Men's Jersey - Black/Green Spark/Opti Yellow,Pria,Hitam,Rp. 809.000
Nike,Kobe Woven Men's Jacket - Black/Reflective Silv,Pria,Hitam,Rp. 1.549.000
Nike,Sportswear Street Os Track Women's Jacket - Midnight Navy/Black/Particle Pink/Sail,Wanita,Biru,Rp. 1.429.000
Nike,Sportswear Liq Shine Women's Pants - Sail/Black,Wanita,Beige,Rp. 1.109.000
Nike,Sportswear Liq Shine Women's Vest - Sail/Black,Wanita,Beige,Rp. 789.000
Nike,Jordan Brk Clgte Hockey Men's Jersey - Sport Blue/Sail/Sail,Pria,Biru,Rp. 1.079.000
Nike,Kobe Woven Men's Pants - Black/Reflective Silv,Pria,Hitam,Rp. 1.429.000
PUMA,x Squid Game Graphic Men's T-Shirt - Green,Pria,Hijau,Rp. 699.000
PUMA,x Squid Game Graphic Men's T-Shirt - White,Pria,Putih,Rp. 699.000
PUMA,x Squid Game Graphic Men's T-Shirt - Black,Pria,Hitam,Rp. 699.000
ADIDAS,Lounge Still Life Lemon Graphic Men's T-Shirt - Black,Pria,Hitam,Rp. 450.000
ADIDAS,Lounge Still Life Lemon Graphic Men's T-Shirt - White,Pria,Putih,Rp. 450.000
ADIDAS,German Engineering Graphic Men's T-Shirt - White,Pria,Putih,Rp. 550.000
ADIDAS,Trefoil Essentials Woven Cargo Men's Short - Black,Pria,Hitam,Rp. 750.000
ADIDAS,Adibreak Men's Tee - White,Pria,Putih,Rp. 650.000
ADIDAS,Adibreak Men's T-Shirt - Black,Pria,Hitam,Rp. 650.000
ADIDAS,Essentials Parachute Women's Pants - Black,Wanita,Hitam,Rp. 1.000.000
ADIDAS,Trefoil Essentials Woven Cargo Men's Short - Night Indigo,Pria,Hitam,Rp. 750.000
NEW BALANCE,Woven 7 Inch Men's Short - Blue,Pria,Biru,Rp. 899.000
NEW BALANCE,Woven 7 Inch Men's Short - Black,Pria,Hitam,Rp. 899.000
ADIDAS,Lounge Slides Graphic Pocket Men's T-Shirt - Black,Pria,Hitam,Rp. 450.000
ADIDAS,Lounge Slides Graphic Pocket Men's T-Shirt - White,Pria,Putih,Rp. 450.000
ADIDAS,Adicolor Oversize Men's T-Shirt - White,Pria,Putih,Rp. 650.000
PUMA,Hoops x TMNT Men's T-Shirt - For All Time Red,Pria,Merah,Rp. 699.000
ADIDAS,Woven 2IN1 Trackpant Women's Pants - Cream White,Wanita,Putih,Rp. 1.500.000
NEW BALANCE,X Face Oka Runners Women's T-Shirt - Grey,Wanita,Abu-abu,Rp. 599.000
NEW BALANCE,X Face Oka Character Men's Hoodie - Black,Pria,Hitam,Rp. 1.499.000
PUMA,X HARRY POTTER Unisex Lifestyle T-Shirt - Black,Pria,Hitam,Rp. 699.000
NEW BALANCE,X Face Oka Multi Women's T-Shirt - White,Wanita,Putih,Rp. 599.000
NEW BALANCE,X Face Oka Character Men's T-Shirt - Grey,Pria,Abu-abu,Rp. 699.000
NEW BALANCE,X Face Oka Sport Men's T-Shirt - Black,Pria,Hitam,Rp. 699.000
Nike,FX Sportswear Woven Men's Shorts - Black,Pria,Hitam,Rp. 619.000
PUMA,X HELLO KITTY Baby Women's Lifestyle T-Shirt - Beige,Wanita,Netral,Rp. 699.000
PUMA,X HELLO KITTY Baby Women's Lifestyle T-Shirt - Black,Wanita,Hitam,Rp. 699.000
ADIDAS,Adicolor Classics Sst Tracksuit Men's Bottom - Bluebird,Pria,Hitam,Rp. 1.300.000
NEW BALANCE,Jersey Mesh Women's T-Shirt - Blue,Wanita,Biru,Rp. 799.000
Nike,FX Sportswear Woven Men's Pants - Black/White/Game Royal,Pria,Hitam,Rp. 949.000
NEW BALANCE,Cotton Men's Top Knit - White,Pria,Hitam,Rp. 359.000
NEW BALANCE,Cotton Men's Top Knit - Navy,Pria,Biru,Rp. 359.000
NEW BALANCE,Cotton Men's Top Knit - Black,Pria,Hitam,Rp. 359.000
ADIDAS,FX Adicolor Men's T-Shirt - Clear Sky,Pria,Putih,Rp. 600.000
ADIDAS,SST Track Top Men's Jacket - Cloud White,Pria,Putih,Rp. 1.300.000
ADIDAS,FX Adicolor Men's T-Shirt - White,Pria,Putih,Rp. 600.000
ADIDAS,FX Adicolor Men's T-Shirt - Black,Pria,Hitam,Rp. 600.000
ADIDAS,Parachute Men's Tracksuit Bottoms - Olive Strata,Pria,Hijau,Rp. 1.500.000
PUMA,Hoops x TMNT II Men's Basketball T-Shirt - White,Pria,Putih,Rp. 699.000
ADIDAS,Lounge Pizza Men's Graphic T-Shirt - Collegiate Green,Pria,Hijau,Rp. 450.000
ADIDAS,Adicolor Classics SST Men's Track Top - Black,Pria,Hitam,Rp. 1.500.000
ADIDAS,Essentials Crop Women's T-Shirt - White,Wanita,Putih,Rp. 400.000
ADIDAS,Earth Day Men's Graphic T-Shirt - Off White,Pria,Putih,Rp. 550.000
ADIDAS,Lounge Pizza Men's T-Shirt - Off White,Pria,Putih,Rp. 450.000
ADIDAS,Mercedes Premium Woven Graphic Men's T-Shirt - Grey Strata,Pria,Abu-abu,Rp. 700.000
ADIDAS,SST Track Pants Men's Pants - Cloud White,Pria,Putih,Rp. 1.300.000
ADIDAS,Mercedes DNA Graphic Men's T-Shirt - Black,Pria,Hitam,Rp. 650.000
Nike,Chill Knit Crop Women's T-Shirt - Sail,Wanita,Netral,Rp. 429.000
Nike,Kobe Dri-fit Fund 6In Men's Short - Black,Pria,Hitam,Rp. 479.000
ADIDAS,SST Track Top Men's Jacket - Black,Pria,Hitam,Rp. 1.300.000
ADIDAS,Trefoil Essentials Men's T-Shirt - Black,Pria,Hitam,Rp. 350.000
ADIDAS,Trefoil Essentials Men's T-Shirt - Medium Grey Heather,Pria,Abu-abu,Rp. 350.000
Nike,Jordan MVP Women's T-Shirt - Sail,Wanita,Netral,Rp. 459.000
Nike,Jordan MVP Women's T-Shirt - Black,Wanita,Hitam,Rp. 459.000
Nike,Kobe Kids' Grade School T-Shirt - Field Purple,Anak - Anak,Ungu,Rp. 319.000
Nike,Kobe Kids' Grade School T-Shirt - Black,Anak - Anak,Hitam,Rp. 319.000
Nike,FX M90 Connect Men's T-Shirt - Black,Pria,Hitam,Rp. 499.000
ADIDAS,Track Top Women's T-Shirt - Black,Wanita,Hitam,Rp. 1.000.000
ADIDAS,Taekwondo Lace Women's Sneakers - Core Black,Wanita,Hitam,Rp. 1.600.000
ADIDAS,3 Stripes Men's T-Shirt - White,Pria,Putih,Rp. 600.000
PUMA,x Squid Game Unsiex Waist Bag -  Black,Unisex,Hitam,Rp. 1.099.000
Nike,Club Us Cb T90 Fa25 Unisex Cap - Black/Sail,Unisex,Hitam,Rp. 249.000
